,States,Max Weeks of Benefits,Max.Weekly Benefits
0,ALASKA,26,370
1,ALABAMA,26,265
2,ARKANSAS,25,451
3,ARIZONA,26,240
4,CALIFORNIA,26,450
5,COLORADO,26,529
6,CONNECTICUT,26,590
7,DISTRICT OF COLUMBIA,26,359
8,DELAWARE,26,330
9,FLORIDA,19,275
10,GEORGIA,18,330
11,HAWAII,26,544
12,IOWA,26,408
13,IDAHO,26,383
14,ILLINOIS,26,418
15,INDIANA,26,390
16,KANSAS,26,469
17,KENTUCKY,26,415
18,LOUISIANA,26,221
19,MASSACHUSETTS,30,600
20,MARYLAND,26,430
21,MAINE,26,378
22,MICHIGAN,20,362
23,MINNESOTA,26,629
24,MISSOURI,20,320
25,MISSISSIPPI,26,235
26,MONTANA,28,464
27,NORTH CAROLINA,19,350
28,NORTH DAKOTA,26,570
29,NEBRASKA,26,372
30,NEW HAMPSHIRE,26,427
31,NEW JERSEY,26,636
32,NEW MEXICO,26,406
33,NEVADA,26,408
34,NEW YORK,26,405
35,OHIO,26,418
36,OKLAHOMA,26,440
37,OREGON,26,538
38,PENNSYLVANIA,26,573
39,RHODE ISLAND,26,566
40,SOUTH CAROLINA,20,326
41,SOUTH DAKOTA,26,345
42,TENNESSEE,26,275
43,TEXAS,26,454
44,UTAH,26,479
45,VIRGINIA,26,378
46,VERMONT,26,425
47,WASHINGTON,26,600
48,WISCONSIN,26,370
49,WEST VIRGINIA,26,424
50,WYOMING,26,471
